"Station_number","OID_","station_id","name","easting","northing","latitude","longitude","county_nam","county_num","dnr_minor5","huc12","equis_id","usgs_id","station_ty","organizati","station_ma","url","OBJECTID","Site_name","HydroID","usgs_id_1","Area_Km2","COMID"
"01022001",32,"H01022001","Brule River nr Hovland, MN61",720690.8,5300348.4,47.8186029221,-90.0516936,"Cook",16,1022,40101010409,"S000-251",4011000,"Load;Mesonet station;Surface water;Telemetry","DNR;PCA","JAMICKEL","https://www.dnr.state.mn.us/waters/csg/site.html?id=01022001",15,"Brule River nr Hovland, MN61",NA,NA,538.149052404394,4797710
"01063003",33,"H01063003","Poplar River nr Lutsen, 0.2mi US of MN61",671945.4,5278849.7,47.6401966962,-90.71077943,"Cook",16,1063,40101010706,"S004-406",NA,"Load;Surface water;Telemetry;Water quality","DNR;PCA","JAMICKEL","https://www.dnr.state.mn.us/waters/csg/site.html?id=01063003",93,"Poplar River nr Lutsen, 0.2mi US of MN61",NA,NA,292.61411073263,4798142
"01092001",34,"H01092001","Baptism River nr Beaver Bay, MN61",635974.8,5244268.1,47.3377419232,-91.20006234,"Lake",38,1092,40101011105,"S000-250",4014500,"Load;Surface water;Telemetry;Water quality","DNR;PCA","JAMICKEL","https://www.dnr.state.mn.us/waters/csg/site.html?id=01092001",1,"Baptism River nr Beaver Bay, MN61",NA,NA,358.287990213464,4803770
"02006003",35,"H02006003","Beaver River nr Beaver Bay, 1.2mi us of MN61",627787.9,5236606.8,47.2704838015,-91.3105821,"Lake",38,2006,40101020105,"S014-956",NA,"Load;Surface water;Telemetry;Water quality","DNR;PCA","JAMICKEL","https://www.dnr.state.mn.us/waters/csg/site.html?id=02006003",3,"Beaver River nr Beaver Bay, 1.2mi us of MN61",NA,NA,316.913807193615,1755598
"02031002",36,"H02031002","Big Sucker Creek nr Palmers, CR258",584525.7,5200563.5,46.9532111808,-91.88915861,"St. Louis",69,2031,40101020306,"S007-601",NA,"Load;Surface water;Telemetry","DNR;PCA","JAMICKEL","https://www.dnr.state.mn.us/waters/csg/site.html?id=02031002",8,"Big Sucker Creek nr Palmers, CR258",NA,NA,91.4507213210879,1757712
"03034001",37,"H03034001","St. Louis River at Floodwood, CSAH8",507275.8,5197275.7,46.928973726,-92.90442458,"St. Louis",69,3034,40102011301,"S005-303",NA,"Load;Surface water;Telemetry","DNR;PCA","JOLIBBEY","https://www.dnr.state.mn.us/waters/csg/site.html?id=03034001",134,"St. Louis River at Floodwood, CSAH8",NA,NA,3185.99274450925,1777470
"03115001",38,"H03115001","St. Louis River nr Forbes, US53",537392.9,5246122,47.3674885979,-92.50474721,"St. Louis",69,3115,40102010702,"S000-568",4018750,"Load;Surface water;Telemetry","DNR;PCA","JOLIBBEY","https://www.dnr.state.mn.us/waters/csg/site.html?id=03115001",136,"St. Louis River nr Forbes, US53",NA,NA,1735.93948612287,1771970
"03150001",39,"H03150001","Second Creek nr Aurora, 0.6mi us of CSAH110",560703.3,5263660.9,47.5235395532,-92.19362822,"St. Louis",69,3150,40102010104,"S007-023",4015500,"Load;Surface water;Telemetry","DNR;PCA","JAMICKEL","https://www.dnr.state.mn.us/waters/csg/site.html?id=03150001",114,"Second Creek nr Aurora, 0.6mi us of CSAH110",NA,NA,56.4822093348688,1766536
"03174001",1,"E03174001","St. Louis River at Scanlon, MN",544513.2,5172376.1,46.7034592749,-92.41771028,"Carlton",9,3174,40102011503,"S005-089",4024000,"Load;Surface water;Telemetry;Water quality","USGS;PCA","HYDSTRA","https://www.dnr.state.mn.us/waters/csg/site.html?id=03174001",135,"St. Louis River at Scanlon, MN",NA,NA,3580.33662976618,1777616
"04012001",40,"H04012001","Cloquet River nr Brimson, CSAH44",587351.5,5234758.9,47.2604932601,-91.84539512,"St. Louis",69,4012,40102020105,"S007-610",NA,"Load;Surface water;Telemetry","DNR;PCA","JAMICKEL","https://www.dnr.state.mn.us/waters/csg/site.html?id=04012001",29,"Cloquet River nr Brimson, CSAH44",NA,NA,329.533038896759,1791109
"04048001",41,"H04048001","Cloquet River nr Burnett, CR694",536944.7,5193758.1,46.896331676,-92.51498601,"St. Louis",69,4048,40102020605,"S005-147",NA,"Load;Surface water;Telemetry;Water quality","DNR;PCA","JAMICKEL","https://www.dnr.state.mn.us/waters/csg/site.html?id=04048001",30,"Cloquet River nr Burnett, CR694",29,NA,2029.29119918898,1793833
"05011001",42,"H05011001","Nemadji River nr Pleasant Valley, MN23",546816.3,5151744.5,46.5176410002,-92.38967364,"Carlton",9,5011,40103010205,"S000-110",4024095,"Load;Surface water;Telemetry","USGS;DNR;PCA","JAMICKEL","https://www.dnr.state.mn.us/waters/csg/site.html?id=05011001",76,"Nemadji River nr Pleasant Valley, MN23",NA,NA,322.215434135268,1800229
"07062001",43,"H07062001","Mississippi River nr Bemidji, CSAH11",356272.1,5257052.9,47.4510604849,-94.90665522,"Beltrami",4,7062,70101010207,"S001-897",5200445,"Load;Surface water;Telemetry;Water quality","DNR;PCA","COVANZEE","https://www.dnr.state.mn.us/waters/csg/site.html?id=07062001",71,"Mississippi River nr Bemidji, CSAH11",NA,5200445,932.232600105052,22327901
"07115001",44,"H07115001","Stump Lake nr Bemidji, CSAH12",369848.9,5260269.7,47.4828452971,-94.72758571,"Beltrami",4,7115,70101010503,"S002-034",5200510,"Surface water","PCA","MEVENSO","https://www.dnr.state.mn.us/waters/csg/site.html?id=07115001",72,"Mississippi River nr Bemidji, MN",NA,5200510,1602.13230006098,22327995
"08034001",45,"H08034001","Leech Lake River nr Ball Club, CR139",428175.6,5235693.4,47.2707850983,-93.94955139,"Cass",11,8034,70101020604,"S001-925",5207500,"Load;Surface water","COE;PRV;DNR;PCA","HEEMERSO","https://www.dnr.state.mn.us/waters/csg/site.html?id=08034001",50,"Leech Lake River nr Ball Club, CR139",NA,NA,2714.42054235083,4817023
"08046001",46,"H08046001","Boy River nr Boy River, CSAH53",416638,5214717.7,47.0807050746,-94.09815889,"Cass",11,8046,70101020404,"S006-262",5205200,"Load;Surface water;Telemetry","PRV;DNR;PCA","JAMICKEL","https://www.dnr.state.mn.us/waters/csg/site.html?id=08046001",14,"Boy River nr Boy River, CSAH53",NA,NA,746.327824606344,4819579
"09020001",2,"E09020001","Prairie River nr Taconite, MN",471267.4,5248445.4,47.3888326533,-93.38070431,"Itasca",31,9020,70101030204,"S007-944",5212700,"Load;Surface water;Telemetry","USGS;PCA","HYDSTRA","https://www.dnr.state.mn.us/waters/csg/site.html?id=09020001",94,"Prairie River nr Taconite, MN",NA,5212700,962.792999998051,4835436
"09064001",3,"E09064001","Mississippi River at Grand Rapids, MN",459882.3,5231054.2,47.231748371,-93.52998344,"Itasca",31,9064,70101030301,"S003-656",5211000,"Load;Surface water;Telemetry","USGS;PCA","HYDSTRA","https://www.dnr.state.mn.us/waters/csg/site.html?id=09064001",70,"Mississippi River at Grand Rapids, MN",NA,5211000,8485.01999993308,4836784
"09065001",47,"H09065001","Swan River nr Jacobson, CR438",485305.1,5208774.2,47.0323229421,-93.1934056,"Itasca",31,9065,70101030408,"S001-922",NA,"Load;Surface water;Telemetry","LGU;DNR;PCA","JAMICKEL","https://www.dnr.state.mn.us/waters/csg/site.html?id=09065001",141,"Swan River nr Jacobson, CR438",NA,NA,756.951016451606,4835794
"10065002",48,"H10065002","Swan River nr Sobieski, MN238",390678,5087658.5,45.9337953551,-94.41016304,"Morrison",49,10065,70101040805,"S001-996",NA,"Load;Surface water;Telemetry;Water quality","DNR;PCA","NIHAYES","https://www.dnr.state.mn.us/waters/csg/site.html?id=10065002",142,"Swan River nr Sobieski, MN238",NA,NA,461.084678126062,4860203
"11015001",49,"H11015001","Pine River nr Jenkins, CSAH15",400277.5,5171930.5,46.693497165,-94.30426343,"Crow Wing",18,11015,70101050405,"S006-227",NA,"Load;Surface water;Telemetry","DNR;PCA","NIHAYES","https://www.dnr.state.mn.us/waters/csg/site.html?id=11015001",87,"Pine River nr Jenkins, CSAH15",NA,NA,742.023778556391,4621538
"13058001",50,"H13058001","Leaf River nr Staples, CSAH29",358592.1,5146446,46.456759001,-94.84143952,"Wadena",80,13058,70101070602,"S001-931",5244440,"Load;Surface water;Telemetry;Water quality","DNR;PCA","NIHAYES","https://www.dnr.state.mn.us/waters/csg/site.html?id=13058001",49,"Leaf River nr Staples, CSAH29",NA,NA,2228.33283436448,4959222
"14027002",51,"H14027002","Long Prairie River at Philbrook, 313th Ave",367836.4,5127510.1,46.2882918653,-94.71577132,"Todd",77,14027,70101080703,"S002-900",NA,"Load;Surface water;Telemetry;Water quality","DNR;PCA","NIHAYES","https://www.dnr.state.mn.us/waters/csg/site.html?id=14027002",58,"Long Prairie River at Philbrook, 313th Ave",27,NA,2238.16949727548,4963797
"14051001",138,"W14051001","Long Prairie River at Long Prairie, CSAH56",355445,5093002.7,45.9753597959,-94.86603889,"Todd",77,14051,70101080207,"S002-904",5245100,"Surface water;Water quality","PCA","CJOHNSO3","https://www.dnr.state.mn.us/waters/csg/site.html?id=14051001",57,"Long Prairie River at Long Prairie, MN",NA,NA,1265.63004466857,4966267
"15067002",52,"H15067002","Two Rivers nr Bowlus, 40th St",392233.7,5074918.4,45.8194071473,-94.38724585,"Morrison",49,15067,70102010105,"S001-331",NA,"Load;Surface water;Telemetry","DNR;PCA","NIHAYES","https://www.dnr.state.mn.us/waters/csg/site.html?id=15067002",150,"Two Rivers nr Bowlus, 40th St",NA,NA,382.116217396612,4972667
"16051001",53,"H16051001","Sauk River nr St. Martin, CR12",368775.4,5042037.2,45.5195114681,-94.68022061,"Stearns",73,16051,70102020506,"S000-702",NA,"Load;Surface water;Telemetry","LGU;DNR;PCA","CANOSEWO","https://www.dnr.state.mn.us/waters/csg/site.html?id=16051001",113,"Sauk River nr St. Martin, CR12",90,NA,1930.78177687182,4979664
"17008003",54,"H17008003","Clearwater River nr Clearwater, CR145",416887.2,5029213.9,45.4115066809,-94.0621575,"Wright",86,17008,70102030205,"S004-508",5273498,"Load;Surface water;Telemetry;Water quality","DNR;PCA","CANOSEWO","https://www.dnr.state.mn.us/waters/csg/site.html?id=17008003",28,"Clearwater River nr Clearwater, CR145",NA,NA,434.363003713256,2725013
"17046001",139,"W17046001","Elk River nr Big Lake, CSAH15",447760.8,5020297,45.3342356553,-93.666693,"Sherburne",71,17046,70102030507,"S000-278",5275000,"Load;Surface water;Water quality","PCA","JHADASH","https://www.dnr.state.mn.us/waters/csg/site.html?id=17046001",36,"Elk River nr Big Lake, MN",NA,NA,850.889845951616,2723039
"17049003",55,"H17049003","St. Francis River nr Big Lake, 164th St",446378.4,5027549.6,45.3994098123,-93.68512197,"Sherburne",71,17049,70102030406,"S002-952",NA,"Load;Surface water;Telemetry;Water quality","DNR;PCA","RYWHITTA","https://www.dnr.state.mn.us/waters/csg/site.html?id=17049003",133,"St. Francis River nr Big Lake, 164th St",NA,NA,519.622892366139,2723035
"18053001",56,"H18053001","Middle Fork Crow River nr Manannah, CSAH30",372906,5011275,45.2434878909,-94.61943012,"Meeker",47,18053,70102040210,"S004-421",NA,"Load;Surface water;Telemetry","DNR;PCA","KATHORES","https://www.dnr.state.mn.us/waters/csg/site.html?id=18053001",64,"Middle Fork Crow River nr Manannah, CSAH30",NA,NA,700.476347763248,4253224
"18083001",57,"H18083001","North Fork Crow River nr Cokato, CSAH4",409824.9,4997691.9,45.1269436925,-94.14666702,"Wright",86,18083,70102040602,"S001-517",NA,"Load;Surface water;Telemetry","DNR;PCA","KATHORES","https://www.dnr.state.mn.us/waters/csg/site.html?id=18083001",79,"North Fork Crow River nr Cokato, CSAH4",NA,NA,1933.97755914567,4252924
"18088001",58,"H18088001","North Fork Crow River nr Rockford, Farmington Ave",437880.7,4993894.3,45.0957865684,-93.78947956,"Wright",86,18088,70102040609,"S001-256",5278400,"Load;Mesonet station;Surface water;Telemetry;Water quality","DNR;PCA","KATHORES","https://www.dnr.state.mn.us/waters/csg/site.html?id=18088001",81,"North Fork Crow River nr Rockford, Farmington Ave",NA,NA,808.700771519956,4250784
"19001001",59,"H19001001","South Fork Crow River at Delano, Bridge Ave",437784.3,4987912.6,45.0419370489,-93.78996258,"Wright",86,19001,70102050705,"S001-255",5279400,"Load;Surface water;Telemetry;Water quality","DNR;PCA","KATHORES","https://www.dnr.state.mn.us/waters/csg/site.html?id=19001001",126,"South Fork Crow River at Delano, Bridge Ave",NA,NA,3287.39145472457,2349256
"19043001",60,"H19043001","Buffalo Creek nr Glencoe, CSAH1",413673.7,4957260.1,44.7635234359,-94.0908205,"McLeod",43,19043,70102050605,"S000-582",5278930,"Load;Surface water;Telemetry;Water quality","DNR;PCA","KATHORES","https://www.dnr.state.mn.us/waters/csg/site.html?id=19043001",16,"Buffalo Creek nr Glencoe, CSAH1",92,5278930,963.297212668149,2355278
"21040002",61,"H21040002","West Branch Rum River nr Princeton, CR102",452058.6,5047672.3,45.5809391245,-93.61451708,"Mille Lacs",48,21040,70102070305,"S002-953",NA,"Load;Surface water;Telemetry;Water quality","DNR;PCA","CANOSEWO","https://www.dnr.state.mn.us/waters/csg/site.html?id=21040002",159,"West Branch Rum River nr Princeton, CR102",83,NA,477.126939917764,2363444
"21101002",62,"H21101002","Rum River at Anoka,headwater side of dam",469292.5,5005201.9,45.1996336528,-93.39097354,"Anoka",2,21101,70102070707," ",5287000,"Load;Surface water","DNR;PCA","RYWHITTA","https://www.dnr.state.mn.us/waters/csg/site.html?id=21101002",107,"Rum River at Anoka,headwater side of dam",NA,NA,4111.93587552753,2367198
"22007001",4,"E22007001","Minnesota River nr Lac qui Parle, MN",273970.1,4989387.7,45.0218982527,-95.86893543,"Chippewa",12,22007,70200011203,"S004-649",5301000,"Load;Surface water;Telemetry","USGS;PCA","HYDSTRA","https://www.dnr.state.mn.us/waters/csg/site.html?id=22007001",69,"Minnesota River nr Lac qui Parle, MN",108,5301000,10622.0664075887,4120654
"22012001",140,"W22012001","Yellow Bank River nr Odessa, CSAH40",237120.9,5013532.8,45.2261778885,-96.34859515,"Lac qui Parle",37,22012,70200011009,"S003-091",5293000,"Surface water;Water quality","PCA","JDONATE","https://www.dnr.state.mn.us/waters/csg/site.html?id=22012001",168,"Yellow Bank River nr Odessa, CSAH40",NA,5293000,1192.85639995269,4085656
"23007001",5,"E23007001","Pomme De Terre River at Appleton, MN",262626.3,5010043.1,45.2038689348,-96.02251798,"Swift",76,23007,70200020604,"S000-195",5294000,"Load;Surface water;Telemetry","USGS;PCA","HYDSTRA","https://www.dnr.state.mn.us/waters/csg/site.html?id=23007001",91,"Pomme De Terre River at Appleton, MN",26,5294000,2241.36270559475,4104611
"23054001",63,"H23054001","Pomme de Terre River nr Hoffman, CR76",277755.6,5069714.4,45.7452520861,-95.85712237,"Stevens",75,23054,70200020303,"S002-886",NA,"Load;Surface water;Telemetry","DNR;PCA","NABROUGH","https://www.dnr.state.mn.us/waters/csg/site.html?id=23054001",92,"Pomme de Terre River nr Hoffman, CR76",41,NA,1009.28005098512,4103889
"24023001",6,"E24023001","Lac qui Parle River nr Lac qui Parle, CSAH31",269862.8,4986548.7,44.9950541512,-95.91970301,"Lac qui Parle",37,24023,70200030705,"S003-087",5300000,"Load;Surface water;Telemetry","USGS;PCA","HYDSTRA","https://www.dnr.state.mn.us/waters/csg/site.html?id=24023001",44,"Lac qui Parle River nr Lac qui Parle, CSAH31",25,5300000,2485.21859761074,4113256
"24053001",64,"H24053001","Lac qui Parle River nr Providence, CSAH23",258965.3,4974687.3,44.8848132191,-96.05210559,"Lac qui Parle",37,24053,70200030702,"S003-079",5299650,"Load;Surface water;Telemetry","DNR;PCA","NABROUGH","https://www.dnr.state.mn.us/waters/csg/site.html?id=24053001",45,"Lac qui Parle River nr Providence, CSAH23",16,5299650,979.500883982737,4111698
"24059001",65,"H24059001","West Branch Lac qui Parle R at Dawson, Diagonal St",259186.8,4979643.3,44.9294390604,-96.05166335,"Lac qui Parle",37,24059,70200030503,"S003-089",5299800,"Load;Surface water;Telemetry","DNR;PCA","NABROUGH","https://www.dnr.state.mn.us/waters/csg/site.html?id=24059001",158,"West Branch Lac qui Parle R at Dawson, Diagonal St",17,5299800,1220.16828974347,937020624
"25024001",66,"H25024001","Hawk Creek nr Maynard, MN23",303854.9,4971451.5,44.8694856486,-95.48303265,"Renville",65,25024,70200040904,"S002-148",5314500,"Load;Surface water;Telemetry","DNR;PCA","NABROUGH","https://www.dnr.state.mn.us/waters/csg/site.html?id=25024001",38,"Hawk Creek nr Maynard, MN23",51,5314500,1229.6934373814,4122756
"25037001",67,"H25037001","Hawk Creek nr Granite Falls, CR52",307776.8,4959406.6,44.7622209333,-95.4288752,"Renville",65,25037,70200040905,"S002-012",5314540,"Load;Surface water;Telemetry;Water quality","DNR;PCA","NABROUGH","https://www.dnr.state.mn.us/waters/csg/site.html?id=25037001",37,"Hawk Creek nr Granite Falls, CR52",32,5314540,1310.45399944084,4123614
"25053002",68,"H25053002","Beaver Creek nr Beaver Falls, CSAH2",337462.2,4938783.8,44.5840449139,-95.04749506,"Renville",65,25053,70200041106,"S000-666",5316570,"Load;Surface water;Telemetry;Water quality","DNR;PCA","NABROUGH","https://www.dnr.state.mn.us/waters/csg/site.html?id=25053002",2,"Beaver Creek nr Beaver Falls, CSAH2",81,5316570,513.031385387524,4123442
"25075001",7,"E25075001","Yellow Medicine River nr Granite Falls, MN",298498.5,4954452.8,44.7151165975,-95.54404461,"Yellow Medicine",87,25075,70200040605,"S007-314",5313500,"Load;Surface water;Telemetry","USGS;PCA","HYDSTRA","https://www.dnr.state.mn.us/waters/csg/site.html?id=25075001",169,"Yellow Medicine River nr Granite Falls, MN",30,5313500,1728.27000129716,4123074
"25087001",69,"H25087001","Yellow Medicine River nr Hanley Falls, CR18",285081.6,4951925.1,44.6884894285,-95.71219312,"Yellow Medicine",87,25087,70200040602,"S002-317",5311800,"Load;Surface water;Telemetry","DNR;PCA","NABROUGH","https://www.dnr.state.mn.us/waters/csg/site.html?id=25087001",170,"Yellow Medicine River nr Hanley Falls, CR18",15,5311800,1158.86606662837,937020644
"25088001",70,"H25088001","Spring Creek nr Hanley Falls, 480th St",287292.6,4955577.1,44.7219889764,-95.68584103,"Yellow Medicine",87,25088,70200040505,"S002-318",5312500,"Load;Surface water;Telemetry","LGU;DNR;PCA","NABROUGH","https://www.dnr.state.mn.us/waters/csg/site.html?id=25088001",132,"Spring Creek nr Hanley Falls, 480th St",53,5312500,333.067624365687,4123070
"26005001",71,"H26005001","Chippewa River nr Clontarf, CSAH22",291857.1,5029220.2,45.3855462651,-95.6587978,"Swift",76,26005,70200050703,"S002-193",5303040,"Load;Surface water;Telemetry;Water quality","DNR;PCA","NABROUGH","https://www.dnr.state.mn.us/waters/csg/site.html?id=26005001",24,"Chippewa River nr Clontarf, CSAH22",NA,NA,1730.33691512553,4415998
"26038001",72,"H26038001","Shakopee Creek nr Benson, 20th Ave SW",294740.2,5008928.3,45.2039315139,-95.61360743,"Swift",76,26038,70200050807,"S002-201",5303990,"Load;Surface water","DNR;PCA","NABROUGH","https://www.dnr.state.mn.us/waters/csg/site.html?id=26038001",116,"Shakopee Creek nr Benson, 20th Ave SW",2,5303990,776.867914948298,4416298
"26057001",8,"E26057001","Chippewa River nr Milan, MN40",279818.3,4998791.9,45.1082920577,-95.79892184,"Chippewa",12,26057,70200051102,"S002-203",5304500,"Load;Surface water;Telemetry;Water quality","USGS;PCA","HYDSTRA","https://www.dnr.state.mn.us/waters/csg/site.html?id=26057001",25,"Chippewa River nr Milan, MN40",114,5304500,4848.54659875531,4416564
"26088001",73,"H26088001","East Branch Chippewa River nr Benson, CR78",296898.2,5024895.7,45.3481401891,-95.59269218,"Swift",76,26088,70200050606,"S005-364",5303470,"Load;Surface water;Telemetry","DNR;PCA","WYNAILL","https://www.dnr.state.mn.us/waters/csg/site.html?id=26088001",34,"East Branch Chippewa River nr Benson, CR78",5,5303470,1331.38984198506,937020696
"27035001",9,"E27035001","Redwood River nr Redwood Falls, MN",327366.8,4932344.7,44.5237678306,-95.17242156,"Redwood",64,27035,70200060704,"S001-679",5316500,"Load;Surface water;Telemetry;Water quality","USGS;PCA","HYDSTRA","https://www.dnr.state.mn.us/waters/csg/site.html?id=27035001",104,"Redwood River nr Redwood Falls, MN",31,5316500,1615.2803972367,4136750
"27043001",74,"H27043001","Redwood River at Russell, CR15",264527.8,4911857.1,44.3218005148,-95.95298532,"Lyon",42,27043,70200060301,"S000-696",5314973,"Load;Surface water;Telemetry;Water quality","DNR;PCA","NABROUGH","https://www.dnr.state.mn.us/waters/csg/site.html?id=27043001",102,"Redwood River at Russell, CR15",65,5314973,595.671584335712,4138268
"28012001",75,"H28012001","Minnesota River at Morton, MN19",341420.2,4934469.9,44.5461149349,-94.99633812,"Renville",65,28012,70200070403,"S000-145",5316580,"Surface water;Telemetry","USGS","HYDSTRA","https://www.dnr.state.mn.us/waters/csg/site.html?id=28012001",68,"Minnesota River at Morton, MN",NA,5316580,23274.7424999676,4140818
"28054001",76,"H28054001","Minnesota River at Judson, CSAH42",404576.3,4894798.6,44.2001661014,-94.19422562,"Blue Earth",7,28054,70200071003,"S001-759",5317500,"Load;Surface water;Telemetry;Water quality","USGS;DNR;PCA","COPETERS","https://www.dnr.state.mn.us/waters/csg/site.html?id=28054001",67,"Minnesota River at Judson, CSAH42",NA,5317500,29144.9807999491,4142454
"28063003",77,"H28063003","Seven Mile Creek nr St. Peter, 0.6mi us of US169",417400.7,4901835.5,44.2650749394,-94.03486602,"Nicollet",52,28063,70200071103,"S002-937",NA,"Load;Surface water;Telemetry","DNR;PCA","WYNAILL","https://www.dnr.state.mn.us/waters/csg/site.html?id=28063003",115,"Seven Mile Creek nr St. Peter, 0.6mi us of US169",NA,NA,93.4650982360511,4142312
"29001001",141,"W29001001","Cottonwood River at New Ulm, Cottonwood St",385161.3,4904995.6,44.2891439744,-94.43937099,"Brown",8,29001,70200080803,"S001-918",5317000,"Surface water;Water quality","PCA","JDONATE","https://www.dnr.state.mn.us/waters/csg/site.html?id=29001001",32,"Cottonwood River nr New Ulm, MN68",NA,5317000,3382.02900014858,4047160
"29011001",78,"H29011001","Sleepy Eye Creek nr Cobden, CR8",355792.1,4901616.7,44.2535083501,-94.80638504,"Brown",8,29011,70200080707,"S001-919",5316992,"Load;Surface water;Telemetry;Water quality","DNR;PCA","WYNAILL","https://www.dnr.state.mn.us/waters/csg/site.html?id=29011001",118,"Sleepy Eye Creek nr Cobden, CR8",63,5316992,703.832036220674,4047140
"29022001",79,"H29022001","Cottonwood River nr Leavenworth, CR8",355728,4898731.9,44.227536361,-94.80639287,"Brown",8,29022,70200080605,"S001-920",5316970,"Load;Surface water;Telemetry","DNR;PCA","WYNAILL","https://www.dnr.state.mn.us/waters/csg/site.html?id=29022001",31,"Cottonwood River nr Leavenworth, CR8",68,5316970,1113.26114499357,4047142
"30025001",80,"H30025001","Blue Earth River nr Winnebago, CSAH12",403801.3,4846957.2,43.7694172105,-94.19524922,"Faribault",22,30025,70200091101,"S000-522",5318270,"Load;Mesonet station;Surface water;Telemetry","DNR;PCA","WYNAILL","https://www.dnr.state.mn.us/waters/csg/site.html?id=30025001",11,"Blue Earth River nr Winnebago, CSAH12",20,5318270,3588.59838114476,2748616
"30046002",81,"H30046002","East Branch Blue Earth River at Blue Earth, CSAH16",412589,4832207,43.6377201971,-94.08368926,"Faribault",22,30046,70200090507,"S009-144",5318119,"Load;Surface water;Telemetry","DNR;PCA","WYNAILL","https://www.dnr.state.mn.us/waters/csg/site.html?id=30046002",33,"East Branch Blue Earth River at Blue Earth, CSAH16",NA,NA,645.264966895508,2748822
"30092001",10,"E30092001","Blue Earth River nr Rapidan, MN",411229.6,4883080.8,44.0955273973,-94.10899886,"Blue Earth",7,30092,70200091103,"S005-379",5320000,"Load;Surface water;Telemetry;Water quality","USGS;PCA;MDA","HYDSTRA","https://www.dnr.state.mn.us/waters/csg/site.html?id=30092001",10,"Blue Earth River nr Rapidan, MN",22,5320000,6275.29319860865,2747410
"31021001",82,"H31021001","South Fork Watonwan River nr Madelia, CSAH13",382137,4876161.3,44.0291435143,-94.47080242,"Watonwan",83,31021,70200100406,"S002-251",NA,"Load;Surface water;Telemetry","DNR;PCA","WYNAILL","https://www.dnr.state.mn.us/waters/csg/site.html?id=31021001",129,"South Fork Watonwan River nr Madelia, CSAH13",100,NA,513.033201551908,2423627
"31028001",83,"H31028001","Watonwan River nr La Salle, CSAH3",379533.6,4879275.2,44.0567468953,-94.5039881,"Watonwan",83,31028,70200100602,"S002-254",NA,"Load;Surface water;Telemetry","DNR;PCA","WYNAILL","https://www.dnr.state.mn.us/waters/csg/site.html?id=31028001",156,"Watonwan River nr La Salle, CSAH3",70,NA,862.436259456903,2423743
"31051001",142,"W31051001","Watonwan River nr Garden City, CSAH13",404287.3,4877699.4,44.0462123705,-94.19473525,"Blue Earth",7,31051,70200100606,"S000-163",5319500,"Surface water;Water quality","PCA","KLAING","https://www.dnr.state.mn.us/waters/csg/site.html?id=31051001",155,"Watonwan River nr Garden City, CSAH13",NA,5319500,2196.4932001113,2423631
"32062001",84,"H32062001","Maple River nr Sterling Center, CR18",414059.8,4865208.6,43.9349812433,-94.07074855,"Blue Earth",7,32062,70200110509,"S004-101",5320450,"Load;Surface water;Telemetry","DNR;PCA","WYNAILL","https://www.dnr.state.mn.us/waters/csg/site.html?id=32062001",61,"Maple River nr Sterling Center, CR18",75,5320450,790.147708896452,10597374
"32071001",85,"H32071001","Big Cobb River nr Beauford, CSAH16",419840.5,4877607.5,44.0472501552,-94.00061042,"Blue Earth",7,32071,70200110305,"S003-446",5320330,"Load;Surface water;Telemetry","DNR;PCA","WYNAILL","https://www.dnr.state.mn.us/waters/csg/site.html?id=32071001",4,"Big Cobb River nr Beauford, CSAH16",14,5320330,786.361646318763,10596224
"32072001",86,"H32072001","Maple River nr Rapidan, CR35",417818.6,4879645,44.0653678733,-94.02616205,"Blue Earth",7,32072,70200110509,"S002-427",5320480,"Load;Surface water;Telemetry","DNR;PCA","WYNAILL","https://www.dnr.state.mn.us/waters/csg/site.html?id=32072001",60,"Maple River nr Rapidan, CR35",8,5320480,877.769934134668,10596394
"32073001",87,"H32073001","Little Beauford Ditch nr Beauford, MN22",423185.6,4874280.1,44.0176542842,-93.95837743,"Blue Earth",7,32073,70200110305,"S001-210",5320300,"Load;Surface water;Telemetry;Water quality","DNR;PCA;MDA","WYNAILL","https://www.dnr.state.mn.us/waters/csg/site.html?id=32073001",51,"Little Beauford Ditch nr Beauford, MN22",67,5320300,19.5899339070906,10595950
"32076001",88,"H32076001","Le Sueur River nr Rapidan, CR8",420847.3,4881762.3,44.0847612932,-93.98866704,"Blue Earth",7,32076,70200110607,"S003-860",NA,"Load;Surface water;Telemetry","DNR;PCA","WYNAILL","https://www.dnr.state.mn.us/waters/csg/site.html?id=32076001",47,"Le Sueur River nr Rapidan, CR8",7,NA,1154.73344425188,10595874
"32077001",11,"E32077001","Le Sueur River nr Rapidan, MN",416005.6314,4885441.674,44.1173431328,-94.0497187,"Blue Earth",7,32077,70200110607,"S000-340",5320500,"Load;Surface water;Telemetry","USGS;PCA","HYDSTRA","https://www.dnr.state.mn.us/waters/csg/site.html?id=32077001",48,"Le Sueur River nr Rapidan, MN",116,5320500,2865.01860429774,10596362
"32079001",89,"H32079001","Le Sueur River at St. Clair, CSAH28",431567.9,4881460.4,44.0831237235,-93.85473678,"Blue Earth",7,32079,70200110604,"S003-448",NA,"Load;Surface water;Telemetry","DNR;PCA","WYNAILL","https://www.dnr.state.mn.us/waters/csg/site.html?id=32079001",46,"Le Sueur River at St. Clair, CSAH28",73,NA,910.326599305743,10595878
"33075001",90,"H33075001","High Island Creek nr Arlington, CR9",413378.3,4941604.6,44.6225761466,-94.09190121,"Sibley",72,33075,70200120606,"S001-891",5326700,"Load;Surface water;Telemetry","DNR;PCA","KATHORES","https://www.dnr.state.mn.us/waters/csg/site.html?id=33075001",39,"High Island Creek nr Arlington, CR9",85,5326700,415.242677181986,2387984
"33091001",12,"E33091001","High Island Creek nr Henderson, CSAH6",426803.5,4935789.3,44.5717228157,-93.92186697,"Sibley",72,33091,70200120609,"S000-676",5327000,"Load;Surface water;Telemetry","USGS;PCA","HYDSTRA","https://www.dnr.state.mn.us/waters/csg/site.html?id=33091001",40,"High Island Creek nr Henderson, CSAH6",93,5327000,614.431714246571,2386438
"35051002",91,"H35051002","Kettle River nr Willow River, Long Lake Rd",510638.2,5128090.3,46.3063052932,-92.8618486,"Pine",58,35051,70300030601,"S007-954",NA,"Load;Surface water;Telemetry","DNR;PCA","CANOSEWO","https://www.dnr.state.mn.us/waters/csg/site.html?id=35051002",43,"Kettle River nr Willow River, Long Lake Rd",NA,NA,1680.06984134964,2629416
"36076001",13,"E36076001","Snake River nr Pine City, MN",505218.6,5076287.6,45.8401328468,-92.93279764,"Pine",58,36076,70300040804,"S000-198",5338500,"Load;Surface water;Telemetry","USGS;PCA","HYDSTRA","https://www.dnr.state.mn.us/waters/csg/site.html?id=36076001",121,"Snake River nr Pine City, MN",NA,5338500,2370.45060017802,2639244
"37030001",92,"H37030001","Sunrise River at Sunrise, CR88",511023.6,5043430.1,45.5443205135,-92.85879034,"Chisago",13,37030,70300050408,"S004-032",NA,"Load;Surface water;Telemetry;Water quality","DNR;PCA","CANOSEWO","https://www.dnr.state.mn.us/waters/csg/site.html?id=37030001",140,"Sunrise River at Sunrise, CR88",NA,NA,852.512919065289,2644954
"38006002",93,"H38006002","Wells Creek nr Frontenac, US61",553030.9,4928357.7,44.5065907823,-92.3328509,"Goodhue",25,38006,70400010602,"S004-859",NA,"Load;Surface water;Telemetry;Water quality","DNR;PCA","ANLINDLO","https://www.dnr.state.mn.us/waters/csg/site.html?id=38006002",157,"Wells Creek nr Frontenac, US61",NA,NA,175.955165727053,1874799
"39004002",14,"E39004002","Cannon River at Welch, MN",521305.5,4934607.6,44.5644898598,-92.7317028,"Goodhue",25,39004,70400020903,"S000-003",5355200,"Load;Surface water;Telemetry","USGS;PCA","HYDSTRA","https://www.dnr.state.mn.us/waters/csg/site.html?id=39004002",21,"Cannon River at Welch, MN",113,5355200,3473.75609510837,2028753
"39091001",94,"H39091001","Cannon River at Morristown, CSAH16",464137.2,4897361.6,44.2286011299,-93.44903905,"Rice",66,39091,70400020107,"S003-487",NA,"Load;Mesonet station;Surface water;Telemetry","DNR;PCA","ANLINDLO","https://www.dnr.state.mn.us/waters/csg/site.html?id=39091001",20,"Cannon River at Morristown, CSAH16",95,NA,628.806670518547,2033007
"39101001",15,"E39101001","Straight River nr Faribault, MN",481535,4900560.8,44.2580522629,-93.23131617,"Rice",66,39101,70400020310,"S003-557",5353800,"Load;Surface water;Telemetry;Water quality","USGS;PCA","HYDSTRA","https://www.dnr.state.mn.us/waters/csg/site.html?id=39101001",138,"Straight River nr Faribault, MN",NA,5353800,1144.73790002409,2032979
"40016001",95,"H40016001","Whitewater River nr Beaver, CSAH30",579577.1,4889104.7,44.1508113272,-92.00492399,"Winona",85,40016,70400030310,"S001-742",5376800,"Load;Surface water;Telemetry;Water quality","DNR;PCA","LIPEARSO","https://www.dnr.state.mn.us/waters/csg/site.html?id=40016001",163,"Whitewater River nr Beaver, CSAH30",122,5376800,702.847799790684,2119516
"40017002",96,"H40017002","North Fork Whitewater River at Elba, Whitewater Dr",577647.4,4881970.4,44.0867957734,-92.0301018,"Winona",85,40017,70400030304,"S007-114",NA,"Load;Surface water;Telemetry","DNR;PCA","LIPEARSO","https://www.dnr.state.mn.us/waters/csg/site.html?id=40017002",82,"North Fork Whitewater River at Elba, Whitewater Dr",NA,NA,268.29993153861,2119708
"41006001",97,"H41006001","North Fork Zumbro River nr Mazeppa, CSAH7",540609.2,4900604,44.2575426539,-92.49128185,"Wabasha",79,41006,70400040405,"S007-141",NA,"Load;Surface water;Telemetry","DNR;PCA","FRBOWEN","https://www.dnr.state.mn.us/waters/csg/site.html?id=41006001",83,"North Fork Zumbro River nr Mazeppa, CSAH7",94,NA,481.214695459803,2440586
"41043001",98,"H41043001","Zumbro River at Kellogg, US61",579444.1,4907028.6,44.3121728792,-92.00386882,"Wabasha",79,41043,70400040512,"S004-384",5374900,"Load;Surface water;Telemetry;Water quality","USGS;DNR;PCA","ANLINDLO","https://www.dnr.state.mn.us/waters/csg/site.html?id=41043001",171,"Zumbro River at Kellogg, US61",112,5374900,3677.02019762181,2442556
"41049001",99,"H41049001","South Fork Zumbro River nr Oronoco, CR121",542995.4,4886407.7,44.1295990924,-92.46255364,"Olmsted",55,41049,70400040110,"S003-802",NA,"Load;Surface water;Telemetry;Water quality","DNR;PCA","LIPEARSO","https://www.dnr.state.mn.us/waters/csg/site.html?id=41049001",130,"South Fork Zumbro River nr Oronoco, CR121",NA,NA,885.074412856676,2441344
"41071002",100,"H41071002","S Branch Middle Fork Zumbro R nr Oronoco, 5th St",536727.6,4889791.1,44.1604015098,-92.54066285,"Olmsted",55,41071,70400040307,"S007-112",NA,"Load;Surface water;Telemetry","DNR;PCA","FRBOWEN","https://www.dnr.state.mn.us/waters/csg/site.html?id=41071002",109,"S Branch Middle Fork Zumbro R nr Oronoco, 5th St",99,NA,560.45915886183,2442450
"41071003",101,"H41071003","Middle Fork Zumbro River nr Oronoco,5th St",536256,4890430.4,44.1661806696,-92.54651668,"Olmsted",55,41071,70400040307,"S007-111",NA,"Load;Surface water;Telemetry","DNR;PCA","FRBOWEN","https://www.dnr.state.mn.us/waters/csg/site.html?id=41071003",65,"Middle Fork Zumbro River nr Oronoco,5th St",96,NA,533.175858457347,2441130
"43049001",102,"H43049001","South Branch Root River at Lanesboro, Rochelle Ave",582262.6,4841503.1,43.7219963463,-91.97870971,"Fillmore",23,43049,70400080410,"S004-840",5384120,"Load;Surface water;Telemetry;Water quality","DNR;PCA","ANLINDLO","https://www.dnr.state.mn.us/waters/csg/site.html?id=43049001",123,"South Branch Root River at Lanesboro, Rochelle Ave",86,5384120,736.202413713513,2462091
"43076001",103,"H43076001","Middle Branch Root River nr Fillmore, CSAH5",558671.4,4845320.6,43.7586076907,-92.2711496,"Fillmore",23,43076,70400080208,"S007-113",NA,"Load;Surface water;Telemetry","DNR;PCA","ANLINDLO","https://www.dnr.state.mn.us/waters/csg/site.html?id=43076001",63,"Middle Branch Root River nr Fillmore, CSAH5",102,NA,502.55985725247,2464487
"48020001",16,"E48020001","Cedar River nr Austin, MN",502043.7,4831577.3,43.6371843342,-92.97466311,"Mower",50,48020,70802010206,"S000-001",5457000,"Load;Surface water;Telemetry;Water quality","USGS;PCA","HYDSTRA","https://www.dnr.state.mn.us/waters/csg/site.html?id=48020001",23,"Cedar River nr Austin, MN",33,5457000,1031.72400313354,7014461
"48027001",104,"H48027001","Turtle Creek at Austin, 43rd St",496799.6,4836910.6,43.6852015218,-93.03970877,"Mower",50,48027,70802010104,"S004-432",5456500,"Load;Mesonet station;Surface water;Telemetry;Water quality","DNR;PCA","ANLINDLO","https://www.dnr.state.mn.us/waters/csg/site.html?id=48027001",148,"Turtle Creek at Austin, 43rd St",76,5456500,379.40161163054,7015259
"49009001",105,"H49009001","Shell Rock River nr Gordonsville, CSAH1",478306,4817931,43.5139983594,-93.26840485,"Freeborn",24,49009,70802020105,"S000-084",5458970,"Load;Mesonet station;Surface water;Telemetry;Water quality","DNR;PCA","ANLINDLO","https://www.dnr.state.mn.us/waters/csg/site.html?id=49009001",117,"Shell Rock River nr Gordonsville, CSAH1",123,5458970,495.418499904638,6558949
"51026001",106,"H51026001","West Fork Des Moines River nr Avoca, CSAH6",298836.1,4869313.8,43.949450882,-95.50693,"Murray",51,51026,71000010403,"S007-142",NA,"Load;Mesonet station;Surface water;Telemetry","DNR;PCA","WYNAILL","https://www.dnr.state.mn.us/waters/csg/site.html?id=51026001",161,"West Fork Des Moines River nr Avoca, CSAH6",71,NA,1229.74240413224,6581018
"51107001",143,"W51107001","Des Moines River at Jackson, North Hwy",339704.7,4832010.9,43.6238228675,-94.98681007,"Jackson",32,51107,71000010806," ",NA,"Surface water;Water quality","PCA","EANDREW","https://www.dnr.state.mn.us/waters/csg/site.html?id=51107001",160,"West Fork Des Moines River at Jackson, River St",NA,NA,3214.59404386819,6580244
"54018001",17,"E54018001","Bois de Sioux River nr Doran, MN",223603.1,5117203.7,46.1523352523,-96.57945612,"Wilkin",84,54018,90201010507,"S000-553",5051300,"Load;Surface water;Telemetry","USGS;PCA","HYDSTRA","https://www.dnr.state.mn.us/waters/csg/site.html?id=54018001",12,"Bois de Sioux River nr Doran, MN",110,5051300,4868.3457230705,6636048
"55044003",107,"H55044003","Mustinka River nr Norcross, MN9",250676.9,5086528.8,45.8871251459,-96.2134069,"Grant",26,55044,90201020107,"S002-001",5047010,"Load;Surface water;Telemetry","COE;DNR;PCA","eu01108117","https://www.dnr.state.mn.us/waters/csg/site.html?id=55044003",74,"Mustinka River nr Norcross, MN9",89,5047010,499.30241095068,6646624
"55065001",108,"H55065001","Twelvemile Creek nr Wheaton, CSAH14",239262.5,5084041.6,45.8605485863,-96.3589234,"Traverse",78,55065,90201020403,"S003-124",NA,"Load;Surface water;Telemetry","COE;DNR;PCA","eu01108117","https://www.dnr.state.mn.us/waters/csg/site.html?id=55065001",149,"Twelvemile Creek nr Wheaton, CSAH14",NA,NA,999.008417223025,6646644
"56048002",109,"H56048002","Pelican River nr Fergus Falls, MN210",257878.6,5131265.2,46.2917305397,-96.14350866,"Otter Tail",56,56048,90201030804,"S000-556",NA,"Load;Surface water;Telemetry","DNR;PCA","eu01108117","https://www.dnr.state.mn.us/waters/csg/site.html?id=56048002",86,"Pelican River nr Fergus Falls, MN210",NA,NA,1289.75898052739,909020759
"56050001",18,"E56050001","Otter Tail River nr Elizabeth, MN",267908.2,5139555.5,46.3697425514,-96.01757819,"Otter Tail",56,56050,90201030903,"S005-142",5030500,"Load;Surface water;Telemetry","USGS;PCA","HYDSTRA","https://www.dnr.state.mn.us/waters/csg/site.html?id=56050001",85,"Otter Tail River nr Elizabeth, MN",NA,NA,2964.29753481582,6657851
"56105001",110,"H56105001","Otter Tail River at Breckenridge, CSAH16",224180.3,5130776.4,46.2744851005,-96.5799191,"Wilkin",84,56105,90201031006,"S002-000",5046502,"Load;Surface water;Telemetry;Water quality","DNR;PCA","PATHAEME","https://www.dnr.state.mn.us/waters/csg/site.html?id=56105001",84,"Otter Tail River at Breckenridge, CSAH16",109,5046502,4938.41878439313,6658059
"57026001",111,"H57026001","Red River of the North nr Kragnes, CSAH26",209465.8,5209667.4,46.9767601814,-96.82006936,"unknown",0,57026,90201040506,"S002-097",NA,"Load;Surface water","DNR;PCA","PBASKFI","https://www.dnr.state.mn.us/waters/csg/site.html?id=57026001",101,"Red River of the North nr Kragnes, CSAH26",NA,NA,10841.4341289235,6667821
"58033001",112,"H58033001","Buffalo River nr Georgetown, CR108",214903.3,5217536.3,47.0497795528,-96.75368788,"Clay",14,58033,90201060708,"S002-125",NA,"Load;Surface water;Telemetry;Water quality","DNR;PCA;MDA","eu01108117","https://www.dnr.state.mn.us/waters/csg/site.html?id=58033001",17,"Buffalo River nr Georgetown, CR108",115,NA,2871.63719304806,6685311
"58048002",113,"H58048002","Buffalo River nr Glyndon, CSAH19",227554.9,5199926.7,46.8969593494,-96.57687922,"Clay",14,58048,90201060202,"S007-586",NA,"Load;Surface water;Telemetry","PRV;DNR;PCA","eu01108117","https://www.dnr.state.mn.us/waters/csg/site.html?id=58048002",18,"Buffalo River nr Glyndon, CSAH19",37,NA,1024.40971846937,909020774
"58050001",114,"H58050001","South Branch Buffalo River nr Glyndon, 28th Ave S",224407.6,5194610.7,46.8479187245,-96.61490438,"Clay",14,58050,90201060605,"S004-148",NA,"Load;Surface water;Telemetry","DNR;PCA","eu01108117","https://www.dnr.state.mn.us/waters/csg/site.html?id=58050001",122,"South Branch Buffalo River nr Glyndon, 28th Ave S",88,NA,1315.82177389922,6689021
"58059001",19,"E58059001","Buffalo River nr Hawley, MN",246071.9,5193901.6,46.8501651509,-96.3308546,"Clay",14,58059,90201060201,"S003-152",5061000,"Load;Surface water;Telemetry;Water quality","USGS;PCA","HYDSTRA","https://www.dnr.state.mn.us/waters/csg/site.html?id=58059001",19,"Buffalo River nr Hawley, MN",NA,NA,814.862184868123,6689413
"60029001",115,"H60029001","Wild Rice River nr Mahnomen, CSAH25",276873.9,5243964,47.311104253,-95.95216517,"Mahnomen",44,60029,90201080602,"S007-619",5062440,"Load;Surface water;Telemetry","DNR;PCA","PATHAEME","https://www.dnr.state.mn.us/waters/csg/site.html?id=60029001",166,"Wild Rice River nr Mahnomen, CSAH25",NA,NA,1472.6854352924,7030041
"60088001",144,"W60088001","Wild Rice River at Twin Valley, CSAH29",254323.4,5239800,47.2656271914,-96.24776566,"Norman",54,60088,90201080902,"S001-155",5062500,"Surface water;Water quality","PCA","JDONATE","https://www.dnr.state.mn.us/waters/csg/site.html?id=60088001",165,"Wild Rice River at Twin Valley, MN",NA,NA,930.648649287465,7027381
"60112001",20,"E60112001","Wild Rice River at Hendrum, MN",212795,5241798.5,47.2667129305,-96.79689424,"Norman",54,60112,90201081206,"S002-102",5064000,"Load;Surface water;Telemetry;Water quality","USGS;PCA","HYDSTRA","https://www.dnr.state.mn.us/waters/csg/site.html?id=60112001",164,"Wild Rice River at Hendrum, MN",NA,NA,1687.80407572839,7027319
"60124001",21,"E60124001","S Br. Wild Rice River at CR27 nr Felton, MN",243149.1,5223299.1,47.1131257207,-96.38577627,"Clay",14,60124,90201081004,"S003-309",5063398,"Load;Surface water;Telemetry","USGS;PCA","HYDSTRA","https://www.dnr.state.mn.us/waters/csg/site.html?id=60124001",108,"S Br. Wild Rice River at CR27 nr Felton, MN",36,5063398,480.501013065267,7027349
"61006002",116,"H61006002","Sandhill River nr Fertile, 450th St SW",248405.9,5267711.1,47.5141075002,-96.34168694,"Polk",60,61006,90203010208,"S003-136",NA,"Load;Surface water;Telemetry;Water quality","DNR;PCA","PATHAEME","https://www.dnr.state.mn.us/waters/csg/site.html?id=61006002",111,"Sandhill River nr Fertile, 450th St SW",NA,NA,590.257096332147,9399110
"61039001",22,"E61039001","Sand Hill River at Climax, MN, US-75",213328.7,5280236.9,47.6120553433,-96.81475529,"Polk",60,61039,90203010306,"S002-099",5069000,"Load;Surface water;Telemetry","USGS;PCA","HYDSTRA","https://www.dnr.state.mn.us/waters/csg/site.html?id=61039001",110,"Sand Hill River at Climax, MN, US-75",119,5069000,1198.00882964283,9399094
"63007001",23,"E63007001","Red Lake River at High Landing nr Goodridge, MN",290679.3,5325505.6,48.0484774855,-95.80882742,"Pennington",57,63007,90203030205,"S002-077",5075000,"Load;Surface water;Telemetry;Water quality","COE;USGS;PCA","HYDSTRA","https://www.dnr.state.mn.us/waters/csg/site.html?id=63007001",99,"Red Lake River at High Landing nr Goodridge, MN",NA,NA,5952.94148650279,7038705
"63025001",117,"H63025001","Red Lake River at Red Lake Falls, CR13",255277.2,5310034.2,47.8969194801,-96.27432561,"Red Lake",63,63025,90203030304,"S003-172",5076650,"Load;Surface water;Telemetry","DNR;PCA","PATHAEME","https://www.dnr.state.mn.us/waters/csg/site.html?id=63025001",100,"Red Lake River at Red Lake Falls, CR13",13,5076650,1893.95266528462,7040253
"63078001",24,"E63078001","Red Lake River at Fisher, MN",214762,5301158.9,47.8005213202,-96.80940718,"Polk",60,63078,90203030702,"S000-031",5080000,"Load;Surface water;Telemetry","USGS;PCA","HYDSTRA","https://www.dnr.state.mn.us/waters/csg/site.html?id=63078001",98,"Red Lake River at Fisher, MN",107,5080000,14497.2171084471,7040493
"65014001",25,"E65014001","Thief River nr Thief River Falls, MN",264384.9,5341763.5,48.1853650242,-96.17012017,"Marshall",45,65014,90203040803,"S002-079",5076000,"Load;Surface water;Telemetry","USGS;PCA","HYDSTRA","https://www.dnr.state.mn.us/waters/csg/site.html?id=65014001",147,"Thief River nr Thief River Falls, MN",NA,NA,2024.3363131781,7047623
"65017001",118,"H65017001","Thief River nr Holt, CSAH7",272275,5354238.9,48.3003196942,-96.07082974,"Marshall",45,65017,90203040802,"S002-088",NA,"Load;Surface water;Telemetry;Water quality","DNR;PCA","PATHAEME","https://www.dnr.state.mn.us/waters/csg/site.html?id=65017001",146,"Thief River nr Holt, CSAH7",87,NA,1585.41931667887,7047447
"65041001",119,"H65041001","Mud River nr Grygla, MN89",296662.3,5356094.9,48.3253058358,-95.74328106,"Marshall",45,65041,90203040305,"S002-078",5075700,"Load;Surface water;Telemetry","DNR;PCA","PATHAEME","https://www.dnr.state.mn.us/waters/csg/site.html?id=65041001",73,"Mud River nr Grygla, MN89",NA,NA,481.253681798771,7048447
"66041001",26,"E66041001","Clearwater River at Plummer, MN",272425.1,5312267.2,47.9232921148,-96.04641757,"Red Lake",63,66041,90203050702,"S002-124",5078000,"Load;Surface water;Telemetry","USGS;PCA","HYDSTRA","https://www.dnr.state.mn.us/waters/csg/site.html?id=66041001",26,"Clearwater River at Plummer, MN",NA,NA,1412.78535830392,7053809
"66048001",120,"H66048001","Lost River nr Brooks, CR119",274802.4,5303271.4,47.8433049061,-96.00994944,"Red Lake",63,66048,90203050507,"S002-133",NA,"Load;Surface water;Telemetry;Water quality","DNR;PCA","PATHAEME","https://www.dnr.state.mn.us/waters/csg/site.html?id=66048001",59,"Lost River nr Brooks, CR119",NA,NA,754.142888679674,7053615
"66050001",27,"E66050001","Clearwater River at Red Lake Falls, MN",255219.5,5309052.6,47.8880801141,-96.27453979,"Red Lake",63,66050,90203050705,"S002-118",5078500,"Load;Surface water;Telemetry","USGS;PCA","HYDSTRA","https://www.dnr.state.mn.us/waters/csg/site.html?id=66050001",27,"Clearwater River at Red Lake Falls, MN",NA,NA,1306.43443246984,7053799
"68011001",121,"H68011001","Snake River nr Big Woods, MN220",196114.2,5370463.2,48.4139434235,-97.10715858,"Marshall",45,68011,90203090306,"S000-185",5087600,"Load;Surface water","DNR;PCA","PATHAEME","https://www.dnr.state.mn.us/waters/csg/site.html?id=68011001",120,"Snake River nr Big Woods, MN220",NA,NA,880.801734692402,7068839
"68017001",28,"E68017001","Middle River at Argyle, MN",217209.1,5361154.7,48.3402009487,-96.81647501,"Marshall",45,68017,90203090210,"S000-700",5087500,"Load;Surface water;Telemetry;Water quality","USGS;PCA","HYDSTRA","https://www.dnr.state.mn.us/waters/csg/site.html?id=68017001",66,"Middle River at Argyle, MN",NA,NA,618.44828236252,7069743
"68031002",122,"H68031002","Snake River nr Warren, CSAH34",223805.6,5346304.4,48.2097957252,-96.71794901,"Marshall",45,68031,90203090105," ",5085450,"Surface water;Water quality","PCA","BPAAKH","https://www.dnr.state.mn.us/waters/csg/site.html?id=68031002",119,"Snake River above Warren, MN",NA,NA,480.905728683446,7069483
"69036001",123,"H69036001","Tamarac River nr Florian, CSAH1",231650.8,5370037.1,48.4262490222,-96.62766002,"Marshall",45,69036,90203110201,"S006-994",5090500,"Load;Surface water;Telemetry","LGU;DNR;PCA","PATHAEME","https://www.dnr.state.mn.us/waters/csg/site.html?id=69036001",144,"Tamarac River nr Florian, CSAH1",NA,NA,402.840805563866,7079306
"69051001",124,"H69051001","Tamarac River nr Stephen, CSAH22",207818.4,5378574.6,48.4922765279,-96.95502903,"Marshall",45,69051,90203110207,"S005-788",5091500,"Load;Mesonet station;Surface water;Telemetry;Water quality","DNR;PCA","PATHAEME","https://www.dnr.state.mn.us/waters/csg/site.html?id=69051001",145,"Tamarac River nr Stephen, CSAH22",NA,NA,436.648603801042,7079240
"70012001",125,"H70012001","Two Rivers nr Hallock, CSAH16",198506.7,5412992.8,48.7967224463,-97.10577954,"Kittson",35,70012,90203120705,"S000-569",5098000,"Load;Surface water","DNR;PCA","PATHAEME","https://www.dnr.state.mn.us/waters/csg/site.html?id=70012001",151,"Two Rivers nr Hallock, CSAH16",NA,NA,1244.646467174,7082208
"70018001",126,"H70018001","South Branch Two Rivers at Hallock, MN175",210750.1,5409992.9,48.7756127756,-96.93735721,"Kittson",35,70018,90203120704,"S005-387",5095000,"Load;Surface water;Telemetry;Water quality","DNR;PCA","PATHAEME","https://www.dnr.state.mn.us/waters/csg/site.html?id=70018001",124,"South Branch Two Rivers at Hallock, MN175",118,5095000,1745.99827603375,7083758
"70033001",29,"E70033001","South Branch Two Rivers at Lake Bronson, MN",230340.7,5404214.1,48.7325288549,-96.66749269,"Kittson",35,70033,90203120703,"S002-365",5094000,"Load;Surface water;Telemetry","USGS;PCA","HYDSTRA","https://www.dnr.state.mn.us/waters/csg/site.html?id=70033001",125,"South Branch Two Rivers at Lake Bronson, MN",NA,NA,1344.49085963685,7083426
"72030001",127,"H72030001","Garden Lake nr Winton (Kawishiwi R), Power Dam Rd",592472.8,5309640.4,47.9334062462,-91.76192628,"Lake",38,72061,90300010905,"S006-522",NA,"Load;Surface water","DNR;PCA","ANLINDLO","https://www.dnr.state.mn.us/waters/csg/site.html?id=72030001",41,"Kawishiwi River nr Winton, CSAH18",NA,NA,2853.3534426917,7109815
"72045001",128,"H72045001","Stony River nr Babbitt, Tomahawk Rd",593097.7,5282876.9,47.6925684451,-91.75931054,"Lake",38,72045,90300010507,"S002-811",5125550,"Load;Surface water;Telemetry;Water quality","DNR;PCA","JAMICKEL","https://www.dnr.state.mn.us/waters/csg/site.html?id=72045001",137,"Stony River nr Babbitt, Tomahawk Rd",NA,NA,547.662834258717,7111281
"76023001",129,"H76023001","Little Fork River nr Linden Grove, TH73",509722,5300558.1,47.8582898369,-92.87002597,"St. Louis",69,76023,90300050109,"S002-553",NA,"Load;Surface water;Telemetry","DNR;PCA","JOLIBBEY","https://www.dnr.state.mn.us/waters/csg/site.html?id=76023001",54,"Little Fork River nr Linden Grove, TH73",34,NA,734.765461299343,7174002
"76090001",30,"E76090001","Little Fork River at Little Fork, MN",459337.2,5360366.5,48.3951474869,-93.54931956,"Koochiching",36,76090,90300050904,"S002-556",5131500,"Load;Surface water;Telemetry;Water quality","USGS;PCA","HYDSTRA","https://www.dnr.state.mn.us/waters/csg/site.html?id=76090001",53,"Little Fork River at Little Fork, MN",NA,NA,890.113047107603,7171122
"76099001",130,"H76099001","Little Fork River nr Littlefork, MN65",463099.4,5339649.3,48.2089992626,-93.49668607,"Koochiching",36,76099,90300050607,"S002-552",NA,"Load;Surface water;Telemetry","DNR;PCA","JOLIBBEY","https://www.dnr.state.mn.us/waters/csg/site.html?id=76099001",55,"Little Fork River nr Littlefork, MN65",NA,NA,3490.81794994876,7171864
"77031001",131,"H77031001","Big Fork River nr Bigfork, MN6",441868,5288659.3,47.7486836868,-93.77553943,"Itasca",31,77031,90300060308,"S006-996",5131750,"Load;Surface water;Telemetry","LGU;DNR;PCA","JOLIBBEY","https://www.dnr.state.mn.us/waters/csg/site.html?id=77031001",6,"Big Fork River nr Bigfork, MN6",NA,NA,1566.76610478564,22239466
"77069001",31,"E77069001","Big Fork River at Big Falls, MN",440018.6,5338469.8,48.1966267254,-93.80716355,"Koochiching",36,77069,90300060705,"S004-000",5132000,"Load;Surface water;Telemetry","USGS;PCA","HYDSTRA","https://www.dnr.state.mn.us/waters/csg/site.html?id=77069001",5,"Big Fork River at Big Falls, MN",NA,NA,1325.17544101986,22237092
"77107001",132,"H77107001","Big Fork River nr Craigville, MN6",443680.3,5311412.7,47.9535487481,-93.75432658,"Koochiching",36,77107,90300060507,"S006-203",5131870,"Load;Surface water;Telemetry","LGU;DNR;PCA","JOLIBBEY","https://www.dnr.state.mn.us/waters/csg/site.html?id=77107001",7,"Big Fork River nr Craigville, MN6",NA,NA,988.094718320682,22239344
"78006001",133,"H78006001","East Fork Rapid River nr Clementson, CSAH18",397202.5,5390238.4,48.656738645,-94.39589129,"Koochiching",36,78006,90300070406,"S007-611",NA,"Load;Surface water;Telemetry","DNR;PCA","COVANZEE","https://www.dnr.state.mn.us/waters/csg/site.html?id=78006001",35,"East Fork Rapid River nr Clementson, CSAH18",NA,NA,699.47228971428,25054849
"78007001",134,"H78007001","Rapid River at Clementson, MN11",394536.3,5394027.7,48.6903726511,-94.43305041,"Lake of the Woods",39,78007,90300070502,"S000-184",5135100,"Load;Surface water;Telemetry;Water quality","DNR;PCA","COVANZEE","https://www.dnr.state.mn.us/waters/csg/site.html?id=78007001",97,"Rapid River at Clementson, MN11",NA,NA,1778.98034711372,7741488
"82015001",135,"H82015001","Split Rock Creek nr Jasper, 201st St",223382.4,4852829.5,43.7768218645,-96.43726178,"Rock",67,82015,1.01702e+11,"S004-528",6482540,"Load;Surface water;Telemetry;Water quality","DNR;PCA","NABROUGH","https://www.dnr.state.mn.us/waters/csg/site.html?id=82015001",131,"Split Rock Creek nr Jasper, 201st St",121,6482540,822.456000349587,7222694
"82034003",136,"H82034003","Pipestone Creek nr Pipestone, CSAH13",225078.2,4876150,43.9870488705,-96.42823897,"Pipestone",59,82034,1.01702e+11,"S000-510",NA,"Load;Surface water;Telemetry","DNR;PCA","NABROUGH","https://www.dnr.state.mn.us/waters/csg/site.html?id=82034003",89,"Pipestone Creek nr Pipestone, CSAH13",98,NA,308.249283544887,7221714
"83016001",137,"H83016001","Rock River at Luverne, CR4",241864.6,4838439.9,43.6541347699,-96.20106769,"Rock",67,83016,1.01702e+11,"S005-381",6483000,"Load;Surface water;Telemetry;Water quality","DNR;PCA","NABROUGH","https://www.dnr.state.mn.us/waters/csg/site.html?id=83016001",105,"Rock River at Luverne, CR4",NA,NA,1083.9884889712,7240575
